,City,Lat,Lng,Max Temp,Humidity,Cloudiness,Wind Speed,Country,Date
0,Toba,34.48,136.85,26.67,78,20,3.6,JP,1596229847
1,Buraidah,26.33,43.98,38.0,24,20,1.5,SA,1596229733
2,Mīnāb,27.15,57.08,33.0,75,40,5.1,IR,1596229847
3,Palmer,42.16,-72.33,31.67,40,40,3.1,US,1596229847
4,Lasem,-6.69,111.45,23.09,82,23,2.95,ID,1596229848
5,Olafsvik,64.89,-23.71,10.0,90,100,9.41,IS,1596229695
6,Bredasdorp,-34.53,20.04,8.0,93,0,2.1,ZA,1596229848
7,Ushuaia,-54.8,-68.3,6.0,45,40,7.2,AR,1596229619
8,Hilo,19.73,-155.09,28.0,58,90,4.6,US,1596229848
9,Daru,-9.08,143.21,23.76,72,90,6.73,PG,1596229719
10,Kavieng,-2.57,150.8,28.35,80,55,5.92,PG,1596229849
11,Rønde,56.3,10.48,16.0,87,0,1.07,DK,1596229849
12,Rome,43.21,-75.46,28.0,48,20,3.1,US,1596229805
13,Hermanus,-34.42,19.23,8.89,94,0,0.45,ZA,1596229625
14,Huaraz,-9.53,-77.53,19.32,27,9,1.24,PE,1596229849
15,Carupano,10.67,-63.26,28.07,81,34,4.55,VE,1596229849
16,Redlands,34.06,-117.18,42.0,9,20,4.1,US,1596229849
17,Port Macquarie,-31.43,152.92,9.44,87,7,2.37,AU,1596229850
18,Atagay,55.1,99.39,14.28,94,66,2.08,RU,1596229850
19,Cape Town,-33.93,18.42,13.33,100,0,2.1,ZA,1596229563
20,Vaitape,-16.52,-151.75,26.58,81,0,6.39,PF,1596229748
21,Avarua,-21.21,-159.78,22.0,64,9,2.1,CK,1596229650
22,Tilichiki,60.47,166.1,12.65,81,74,2.21,RU,1596229850
23,Cam Ranh,11.92,109.16,28.0,78,40,1.5,VN,1596229790
24,Lompoc,34.64,-120.46,19.0,68,9,7.2,US,1596229851
25,Hasaki,35.73,140.83,22.22,100,75,3.1,JP,1596229851
26,Mataura,-46.19,168.86,9.66,87,100,1.68,NZ,1596229613
27,Esperance,-33.87,121.9,9.0,100,40,3.1,AU,1596229851
28,Atuona,-9.8,-139.03,26.21,70,83,8.08,PF,1596229851
29,Iqaluit,63.75,-68.51,12.0,93,90,1.0,CA,1596229851
30,Provideniya,64.38,-173.3,9.62,67,0,2.37,RU,1596229683
31,Pevek,69.7,170.31,2.0,96,99,2.68,RU,1596229852
32,Catarman,12.5,124.64,24.4,91,100,1.35,PH,1596229852
33,Maningrida,-12.07,134.27,17.13,95,59,4.41,AU,1596229852
34,Bambous Virieux,-20.34,57.76,22.0,83,40,3.6,MU,1596229852
35,Petapa,14.5,-90.55,26.0,50,75,5.1,GT,1596229852
36,Lata,40.16,-8.33,19.44,92,0,3.58,PT,1596229853
37,Nayoro,44.35,142.46,19.49,89,78,0.92,JP,1596229853
38,Vaini,-21.2,-175.2,21.0,77,75,4.6,TO,1596229623
39,Rikitea,-23.12,-134.97,23.24,85,99,5.13,PF,1596229853
40,Shimoda,34.67,138.95,20.56,95,58,0.89,JP,1596229853
41,Ahipara,-35.17,173.17,14.58,80,100,5.91,NZ,1596229854
42,Varhaug,58.61,5.65,16.11,87,36,1.5,NO,1596229854
43,Bethel,41.37,-73.41,28.0,54,1,2.1,US,1596229609
44,La Rioja,-29.41,-66.85,18.01,26,0,1.76,AR,1596229854
45,New Norfolk,-42.78,147.06,10.0,70,100,0.45,AU,1596229855
46,Bluff,-46.6,168.33,10.0,90,100,2.12,NZ,1596229614
47,Rio Grande,-32.03,-52.1,17.0,72,100,5.1,BR,1596229855
48,Yellowknife,62.46,-114.35,22.78,52,75,5.7,CA,1596229803
49,Barrow,71.29,-156.79,4.0,80,90,2.6,US,1596229855
50,Jamestown,42.1,-79.24,26.11,54,75,4.1,US,1596229667
51,Lawrenceburg,38.04,-84.9,27.22,74,90,2.1,US,1596229856
52,Chokurdakh,70.63,147.92,8.44,72,100,1.33,RU,1596229856
53,Puerto Ayora,-0.74,-90.35,25.0,69,75,5.1,EC,1596229856
54,Cayenne,4.93,-52.33,29.0,74,99,2.6,GF,1596229856
55,Hirado,33.36,129.55,26.67,89,100,1.94,JP,1596229856
56,Coquimbo,-29.95,-71.34,17.0,51,0,7.7,CL,1596229857
57,Tuktoyaktuk,69.45,-133.04,17.0,77,40,7.7,CA,1596229857
58,Oranjestad,12.52,-70.03,33.0,59,20,11.8,AW,1596229667
59,Vincennes,48.85,2.43,30.0,42,33,2.1,FR,1596229857
60,Dingle,11.0,122.67,24.28,92,100,1.95,PH,1596229656
61,Macusani,-14.08,-70.43,10.01,45,40,2.55,PE,1596229858
62,Busselton,-33.65,115.33,7.22,87,62,1.65,AU,1596229858
63,Verkhnevilyuysk,63.45,120.32,12.66,77,0,1.24,RU,1596229858
64,Beni Suef,29.07,31.1,29.33,37,0,6.13,EG,1596229858
65,Camacha,33.08,-16.33,21.0,73,20,5.7,PT,1596229774
66,George Town,5.41,100.34,25.0,88,20,0.5,MY,1596229805
67,Pundaguitan,6.37,126.17,27.66,77,100,2.61,PH,1596229859
68,Palora,-1.7,-77.93,21.0,88,90,2.1,EC,1596229859
69,Punta Arenas,-53.15,-70.92,3.89,86,75,8.7,CL,1596229498
70,Tiarei,-17.53,-149.33,28.0,69,75,4.6,PF,1596229859
71,Chegdomyn,51.12,133.02,18.2,94,100,0.66,RU,1596229859
72,Dhandhuka,22.37,71.98,29.87,74,100,4.26,IN,1596229860
73,Praia,14.92,-23.51,26.0,74,75,4.1,CV,1596229860
74,‘Āhuimanu,21.44,-157.84,30.0,54,40,5.1,US,1596229860
75,Westport,41.14,-73.36,26.67,69,1,2.6,US,1596229860
76,Saldanha,-33.01,17.94,13.0,87,0,3.6,ZA,1596229861
77,Dikson,73.51,80.55,13.55,67,99,6.03,RU,1596229861
78,Ponta do Sol,32.67,-17.1,22.0,73,20,4.6,PT,1596229861
79,Ribeira Grande,38.52,-28.7,23.0,60,20,4.1,PT,1596229861
80,Māngrol,21.12,70.12,28.72,82,100,3.12,IN,1596229861
81,Abu Samrah,35.3,37.18,25.04,55,0,5.58,SY,1596229862
82,Bathsheba,13.22,-59.52,30.0,66,20,6.2,BB,1596229741
83,Nikolskoye,59.7,30.79,15.0,67,61,5.0,RU,1596229862
84,Denpasar,-8.65,115.22,25.0,100,40,3.1,ID,1596229191
85,Codrington,-38.27,141.97,9.02,71,37,6.88,AU,1596229862
86,Payson,40.04,-111.73,38.33,8,40,2.1,US,1596229862
87,Arraial do Cabo,-22.97,-42.03,21.0,73,75,4.6,BR,1596229586
88,Lebu,-37.62,-73.65,11.78,71,100,6.36,CL,1596229863
89,Severo-Kuril'sk,50.68,156.12,11.66,82,32,7.14,RU,1596229863
90,Kizner,56.27,51.51,12.59,92,90,2.13,RU,1596229863
91,Port Alfred,-33.59,26.89,14.23,75,0,2.74,ZA,1596229648
92,Hobart,-42.88,147.33,10.0,81,100,4.1,AU,1596229615
93,Vanimo,-2.67,141.3,25.98,81,20,0.77,PG,1596229864
94,Bengkulu,-3.8,102.27,23.13,89,56,2.32,ID,1596229864
95,Chiredzi,-21.05,31.67,14.92,60,0,1.37,ZW,1596229864
96,Padang,-0.95,100.35,24.64,78,49,1.51,ID,1596229864
97,Kandrian,-6.22,149.55,25.0,79,84,6.76,PG,1596229749
98,Husavik,66.04,-17.34,10.0,87,75,3.1,IS,1596229865
99,Homer,59.64,-151.55,18.0,55,90,2.6,US,1596229865
100,Kapaa,22.08,-159.32,28.0,65,75,7.7,US,1596229865
101,Bonavista,48.65,-53.11,13.33,72,100,0.89,CA,1596229865
102,Gogrial,8.53,28.1,22.93,91,53,1.27,SS,1596229865
103,Aquiraz,-3.9,-38.39,28.0,61,20,6.7,BR,1596229866
104,Rawson,-43.3,-65.1,11.92,47,27,6.31,AR,1596229783
105,Kenai,60.55,-151.26,18.89,68,90,4.1,US,1596229866
106,Sitka,57.05,-135.33,23.0,53,75,2.1,US,1596229679
107,Bahía Honda,22.9,-83.16,30.34,67,8,6.58,CU,1596229866
108,Saskylakh,71.92,114.08,15.23,68,0,1.63,RU,1596229866
109,Kruisfontein,-34.0,24.73,10.0,91,0,2.09,ZA,1596229867
110,Sterling,39.01,-77.43,26.11,74,90,2.6,US,1596229834
111,Ndago,-4.6,34.35,18.37,62,0,6.44,TZ,1596229867
112,Berlevåg,70.86,29.09,8.0,93,75,2.6,NO,1596229867
113,Tocopilla,-22.09,-70.2,19.96,42,11,0.71,CL,1596229867
114,Meghraj,23.5,73.5,27.62,84,100,3.45,IN,1596229868
115,Castro,-24.79,-50.01,13.11,83,86,2.75,BR,1596229868
116,Qaanaaq,77.48,-69.36,5.53,64,0,1.38,GL,1596229868
117,Butaritari,3.07,172.79,28.29,73,79,3.56,KI,1596229868
118,Azángaro,-14.92,-70.22,17.71,22,15,2.04,PE,1596229868
119,Nanortalik,60.14,-45.24,7.28,77,99,4.64,GL,1596229869
120,Great Falls,47.5,-111.3,31.67,31,1,4.6,US,1596229821
121,Fairlie,55.76,-4.86,16.67,92,100,0.45,GB,1596229869
122,Saint-Philippe,-21.36,55.77,21.0,73,20,3.1,RE,1596229869
123,Benjamin Constant,-4.38,-70.03,32.0,55,40,1.5,BR,1596229869
124,Abhā,18.22,42.51,18.0,100,75,5.1,SA,1596229656
125,Pangnirtung,66.15,-65.71,14.0,82,75,6.7,CA,1596229741
126,Mahon,39.89,4.27,26.0,88,0,2.4,ES,1596229750
127,Simao,22.79,100.97,18.73,93,49,0.57,CN,1596229870
128,Albany,42.6,-73.97,32.78,34,9,0.45,US,1596229739
129,Hithadhoo,-0.6,73.08,28.15,76,100,4.82,MV,1596229623
130,Talnakh,69.49,88.4,15.0,93,99,4.0,RU,1596229871
131,Yulara,-25.24,130.99,5.0,35,0,3.1,AU,1596229871
132,Kannauj,27.05,79.92,30.59,70,94,2.38,IN,1596229871
133,Mar del Plata,-38.0,-57.56,13.0,62,0,4.1,AR,1596229648
134,Sangmélima,2.93,11.98,19.88,98,28,2.02,CM,1596229871
135,Grindavik,63.84,-22.43,11.0,93,90,7.7,IS,1596229871
136,Harper,4.38,-7.72,24.25,85,86,5.39,LR,1596229872
137,Sibolga,1.74,98.78,24.5,83,99,1.5,ID,1596229872
138,Ambon City,-3.7,128.18,25.56,15,62,0.89,ID,1596229872
139,Sobolevo,54.43,31.9,11.68,95,31,3.43,RU,1596229872
140,Chincha Alta,-13.41,-76.13,17.0,77,20,4.6,PE,1596229616
141,Fortuna,40.6,-124.16,18.89,16,15,3.13,US,1596229873
142,Thompson,55.74,-97.86,21.0,68,75,4.6,CA,1596229873
143,Uspenka,48.39,39.16,17.98,92,100,1.75,UA,1596229873
144,Ostrovnoy,68.05,39.51,11.24,92,100,5.32,RU,1596229873
145,Andenes,69.31,16.12,13.0,93,75,6.2,NO,1596229675
146,Haines Junction,60.75,-137.51,26.29,33,73,0.91,CA,1596229873
147,General Pico,-35.66,-63.76,13.8,46,72,2.72,AR,1596229874
148,Chute-aux-Outardes,49.12,-68.4,17.0,93,90,1.5,CA,1596229874
149,Quelimane,-17.88,36.89,18.57,80,28,2.51,MZ,1596229874
150,Terney,45.05,136.61,19.2,91,99,1.66,RU,1596229874
151,Tasiilaq,65.61,-37.64,8.0,65,0,2.1,GL,1596229874
152,Vestmannaeyjar,63.44,-20.27,12.02,92,100,5.24,IS,1596229874
153,Port Keats,-14.25,129.55,15.82,45,65,3.08,AU,1596229863
154,Iranshahr,27.2,60.68,36.0,44,1,3.1,IR,1596229875
155,Pisco,-13.7,-76.22,17.0,77,20,4.6,PE,1596229704
156,Narasannapeta,18.42,84.05,27.84,83,25,1.99,IN,1596229875
157,Soyo,-6.13,12.37,22.4,82,0,3.95,AO,1596229695
158,Bowen,-20.02,148.23,17.78,82,90,4.1,AU,1596229875
159,Mogadishu,2.04,45.34,25.42,77,91,9.36,SO,1596229673
160,Lakatoro,-16.1,167.42,24.0,100,75,5.52,VU,1596229876
161,Ayan,56.45,138.17,12.51,92,100,1.22,RU,1596229876
162,Cidreira,-30.18,-50.21,14.94,88,28,5.18,BR,1596229876
163,Faanui,-16.48,-151.75,26.11,83,0,6.4,PF,1596229682
164,Bilibino,68.05,166.44,9.42,73,100,1.73,RU,1596229876
165,Souillac,-20.52,57.52,22.0,83,40,3.6,MU,1596229877
166,Antofagasta,-23.65,-70.4,15.0,72,0,3.1,CL,1596229877
167,Saint-Augustin,51.23,-58.65,13.94,89,100,7.12,CA,1596229877
168,Luanda,-8.84,13.23,21.0,88,20,2.6,AO,1596229877
169,Srednekolymsk,67.45,153.68,11.65,67,96,2.67,RU,1596229878
170,Sennar,13.57,33.57,24.26,83,100,4.21,SD,1596229878
171,Sokoto,13.06,5.24,27.48,65,0,4.51,NG,1596229876
172,Flin Flon,54.77,-101.86,25.0,38,75,5.7,CA,1596229878
173,Bulgan,48.81,103.53,12.3,90,100,2.6,MN,1596229878
174,Xai-Xai,-25.05,33.64,16.99,80,0,2.19,MZ,1596229879
175,Chuguyevka,44.17,133.86,20.51,86,100,1.83,RU,1596229879
176,Nsoko,-27.03,31.95,13.0,93,0,2.6,SZ,1596229879
177,Caravelas,-17.71,-39.25,21.48,85,70,4.39,BR,1596229879
178,Raudeberg,61.99,5.14,18.0,87,68,2.1,NO,1596229879
179,Port Elizabeth,-33.92,25.57,10.0,91,0,2.77,ZA,1596229880
180,Batagay-Alyta,67.8,130.41,12.84,56,0,0.37,RU,1596229880
181,Lewisporte,49.25,-55.05,18.89,100,90,6.7,CA,1596229880
182,Sabang,5.89,95.32,28.76,71,100,7.16,ID,1596229720
183,Vangaindrano,-23.35,47.6,16.57,85,11,2.06,MG,1596229881
184,Amontada,-3.36,-39.83,27.32,49,57,3.06,BR,1596229881
185,Jiuquan,39.74,98.52,17.27,29,0,1.0,CN,1596229881
186,Assiut,27.18,31.18,33.0,36,0,5.7,EG,1596229881
187,Saint George,37.1,-113.58,42.78,9,1,2.6,US,1596229601
188,Poum,-20.23,164.02,21.47,81,4,13.3,NC,1596229882
189,Pemangkat,1.17,108.97,23.59,83,100,4.39,ID,1596229882
190,Igarka,67.47,86.58,11.92,94,5,7.25,RU,1596229882
191,Dunedin,-45.87,170.5,12.22,77,100,1.79,NZ,1596229599
192,Palana,59.12,159.97,12.28,81,79,5.95,RU,1596229882
193,Pohrebyshche,49.49,29.26,14.15,83,3,3.15,UA,1596229805
194,Kysyl-Syr,63.9,122.76,14.09,69,0,1.34,RU,1596229883
195,Deputatsky,69.3,139.9,9.24,79,43,1.12,RU,1596229883
196,Itarema,-2.92,-39.92,26.11,69,71,6.85,BR,1596229754
197,Elko,41.0,-115.5,37.78,3,0,4.47,US,1596229883
198,Tel Aviv-Yafo,32.08,34.78,27.0,78,0,1.5,IL,1596229865
199,Nemuro,43.32,145.57,17.69,92,74,1.18,JP,1596229883
200,Szentgotthárd,46.95,16.27,23.89,57,2,0.45,HU,1596229884
201,Tambura,5.6,27.47,20.75,93,39,0.45,SS,1596229884
202,Alofi,-19.06,-169.92,24.0,64,20,5.1,NU,1596229884
203,Umm Hājar,13.3,19.7,29.36,61,8,0.5,TD,1596229884
204,Upernavik,72.79,-56.15,7.56,62,72,5.88,GL,1596229884
205,Maumere,-8.62,122.21,22.71,77,72,2.72,ID,1596229885
206,Kudahuvadhoo,2.67,72.89,28.45,77,100,6.06,MV,1596229885
207,Kavaratti,10.57,72.64,28.24,78,100,10.25,IN,1596229885
208,Salamiyah,35.01,37.05,23.85,63,0,5.03,SY,1596229885
209,Klaksvík,62.23,-6.59,13.0,100,100,7.2,FO,1596229885
210,Santa Cruz de la Sierra,-17.8,-63.17,28.0,37,20,3.6,BO,1596229885
211,Stromness,58.97,-3.3,14.44,87,100,9.3,GB,1596229886
212,Buckeye,33.37,-112.58,44.44,16,0,4.6,US,1596229701
213,Cache Creek,50.81,-121.32,28.33,39,20,3.1,CA,1596229886
214,Saint Paul Harbor,57.79,-152.41,14.0,93,90,4.6,US,1596229886
215,Tarakan,3.3,117.63,25.35,68,100,3.0,ID,1596229660
216,Tubualá,9.52,-79.03,31.0,62,75,3.1,PA,1596229886
217,Te Anau,-45.42,167.72,8.18,88,100,0.33,NZ,1596229650
218,Roi Et,16.06,103.65,26.14,86,100,5.75,TH,1596229887
219,Whitehorse,60.72,-135.05,25.56,33,40,5.1,CA,1596229887
220,Fairbanks,64.84,-147.72,22.22,52,75,1.5,US,1596229591
221,Ulladulla,-35.35,150.47,7.78,87,81,2.6,AU,1596229887
222,Ca Mau,9.18,105.15,25.82,87,100,5.55,VN,1596229887
223,Shizunai-furukawachō,42.33,142.37,19.6,88,34,1.27,JP,1596229888
224,Qasigiannguit,68.82,-51.19,9.0,70,100,8.7,GL,1596229888
225,Mahébourg,-20.41,57.7,22.0,83,40,3.6,MU,1596229888
226,Santa Maria,-29.68,-53.81,14.3,90,42,1.08,BR,1596229795
227,Kaupanger,61.18,7.24,16.0,72,100,2.1,NO,1596229888
228,Leningradskiy,69.38,178.42,3.29,84,99,2.93,RU,1596229888
229,Khatanga,71.97,102.5,16.38,56,82,5.11,RU,1596229889
230,Sergeevka,53.88,67.42,18.57,69,59,4.22,KZ,1596229889
231,Biharia,47.15,21.92,22.22,78,13,2.6,RO,1596229889
232,Paraná,-31.73,-60.52,17.78,49,0,2.58,AR,1596229751
233,Ust'-Ishim,57.69,71.17,14.86,98,73,2.24,RU,1596229889
234,Manta,-0.95,-80.73,25.0,78,90,7.2,EC,1596229890
235,Japura,-0.32,102.35,23.17,95,100,0.66,ID,1596229890
236,Listvyanka,51.85,104.87,17.0,100,40,4.0,RU,1596229890
237,Acajutla,13.59,-89.83,30.56,62,79,1.34,SV,1596229596
238,Papar,5.73,115.93,24.0,94,20,1.5,MY,1596229890
239,Karratha,-20.74,116.85,19.37,33,0,3.98,AU,1596229890
240,Mongo,12.18,18.69,26.26,71,10,2.68,TD,1596229891
241,Tiksi,71.69,128.87,4.7,83,29,1.72,RU,1596229625
242,Victor Harbor,-35.57,138.62,13.33,63,21,6.84,AU,1596229691
243,Parrita,9.52,-84.32,28.0,69,75,1.0,CR,1596229891
244,Hofn,64.25,-15.21,11.32,93,100,8.05,IS,1596229891
245,Wad Rāwah,15.16,33.14,24.37,88,100,6.01,SD,1596229891
246,Vanavara,60.34,102.28,15.19,90,94,2.42,RU,1596229892
247,Oistins,13.07,-59.53,30.0,66,20,6.2,BB,1596229892
248,Manggar,-2.88,108.27,25.3,79,100,3.34,ID,1596229892
249,Balabac,7.99,117.06,27.97,79,100,4.93,PH,1596229892
250,Cabo San Lucas,22.89,-109.91,32.0,51,20,4.6,MX,1596229893
251,Hobyo,5.35,48.53,25.51,75,1,13.19,SO,1596229893
252,Chervone,49.96,28.86,13.31,90,0,2.93,UA,1596229893
253,Datong,40.09,113.29,20.49,73,1,1.72,CN,1596229893
254,Lebedyan',53.02,39.17,16.0,72,20,2.0,RU,1596229893
255,Ust-Nera,64.57,143.2,15.19,41,89,1.99,RU,1596229894
256,Kodinsk,58.69,99.18,13.51,88,10,1.32,RU,1596229708
257,Kalnciems,56.8,23.61,17.0,88,7,4.1,LV,1596229894
258,Enid,36.4,-97.88,29.44,48,20,5.7,US,1596229824
259,Oranjemund,-28.55,16.43,21.48,23,0,3.91,NA,1596229894
260,Strzegom,50.96,16.35,14.44,80,16,0.8,PL,1596229894
261,Clyde River,70.47,-68.59,7.0,100,90,3.6,CA,1596229895
262,Evensk,61.95,159.23,15.01,57,77,7.31,RU,1596229895
263,Santa Cruz del Sur,20.71,-78.0,29.75,72,88,3.78,CU,1596229895
264,Pierre,44.37,-100.35,35.0,31,20,5.7,US,1596229685
265,Ronneby,56.21,15.28,15.0,93,45,1.0,SE,1596229895
266,Margate,51.38,1.39,24.44,59,89,0.45,GB,1596229625
267,Salekhard,66.53,66.6,11.88,72,92,2.08,RU,1596229896
268,Ruwi,23.6,58.55,31.0,89,7,1.0,OM,1596229896
269,Salalah,17.02,54.09,28.0,94,75,2.6,OM,1596229896
270,Dubai,25.26,55.3,37.0,47,21,3.6,AE,1596229805
271,Abalak,58.13,68.59,15.11,98,100,1.85,RU,1596229897
272,Longyearbyen,78.22,15.64,10.0,81,0,1.79,SJ,1596229897
273,Palimbang,6.21,124.19,25.72,75,98,1.71,PH,1596229897
274,Jalu,29.03,21.55,28.33,45,0,7.8,LY,1596229661
275,Airai,-8.93,125.41,10.58,62,89,1.48,TL,1596229897
276,São José de Ribamar,-2.56,-44.05,32.0,43,80,1.5,BR,1596229678
277,Yuancheng,36.65,107.79,21.38,77,95,1.83,CN,1596229898
278,Pāliyād,22.25,71.57,28.43,80,100,5.22,IN,1596229624
279,Langeskov,55.36,10.58,16.0,87,0,1.0,DK,1596229898
280,Kampot,10.62,104.18,26.0,94,75,6.2,KH,1596229898
281,Bandarbeyla,9.49,50.81,26.27,76,2,15.29,SO,1596229899
282,Lieksa,63.32,30.02,10.69,80,75,4.26,FI,1596229899
283,Bantogon,6.53,124.03,25.31,75,82,1.78,PH,1596229899
284,Grants Pass,42.44,-123.33,33.0,21,1,2.1,US,1596229899
285,Aykhal,66.0,111.5,12.0,66,0,2.0,RU,1596229684
286,Presidencia Roque Sáenz Peña,-26.79,-60.44,19.98,53,21,2.77,AR,1596229801
287,Zhigansk,66.77,123.37,13.97,67,0,5.46,RU,1596229900
288,Chara,56.91,118.26,15.43,85,100,1.01,RU,1596229901
289,Sunnyside,46.32,-120.01,39.44,32,1,0.31,US,1596229901
290,Çermik,38.14,39.45,28.0,32,0,4.6,TR,1596229901
291,Ambilobe,-13.2,49.05,20.83,87,25,1.72,MG,1596229901
292,Quesnel,53.0,-122.5,26.0,57,1,1.5,CA,1596229863
293,Rocha,-34.48,-54.33,11.14,88,100,1.68,UY,1596229721
294,Umba,66.69,34.34,11.31,83,85,2.83,RU,1596229902
295,Vardø,70.37,31.11,9.0,87,75,8.7,NO,1596229902
296,Paamiut,61.99,-49.67,6.9,94,100,4.19,GL,1596229902
297,Mossamedes,-15.2,12.15,19.05,88,20,2.64,AO,1596229902
298,Muros,42.78,-9.06,18.89,90,64,0.89,ES,1596229902
299,San Diego de la Unión,21.47,-100.87,24.44,56,97,0.89,MX,1596229903
300,Faya,18.39,42.45,18.0,100,75,5.1,SA,1596229903
301,Nichinan,31.6,131.37,22.0,100,75,1.5,JP,1596229903
302,Adrar,20.5,-10.07,37.67,25,11,3.53,MR,1596229761
303,Saint-Pierre,-21.34,55.48,21.0,73,20,3.1,RE,1596229903
304,Palkino,57.54,28.01,14.0,93,75,1.0,RU,1596229904
305,Inhambane,-23.86,35.38,17.43,82,9,3.34,MZ,1596229904
306,Taltal,-25.4,-70.48,20.57,39,0,1.41,CL,1596229904
307,Shrewsbury,52.71,-2.75,21.0,77,100,4.1,GB,1596229904
308,Alice,27.75,-98.07,35.0,53,20,6.2,US,1596229904
309,Huarmey,-10.07,-78.15,18.67,69,25,2.99,PE,1596229904
310,Rørvik,64.86,11.24,13.0,100,20,3.1,NO,1596229905
311,Meulaboh,4.14,96.13,23.92,81,100,1.54,ID,1596229905
312,Chākuliā,22.48,86.72,27.77,86,95,2.33,IN,1596229905
313,Dudinka,69.41,86.18,15.0,93,100,4.0,RU,1596229905
314,Chui,-33.7,-53.46,10.76,89,100,1.79,UY,1596229905
315,Fort Nelson,58.81,-122.7,28.0,34,20,4.6,CA,1596229905
316,Aketi,2.74,23.78,24.86,72,100,0.25,CD,1596229906
317,Kānt,27.8,79.8,28.91,76,87,2.77,IN,1596229906
318,Kumul,42.8,93.45,23.06,21,1,5.81,CN,1596229906
319,Boa Vista,2.82,-60.67,31.0,55,40,2.6,BR,1596229906
320,Gigmoto,13.78,124.39,25.94,84,100,1.95,PH,1596229906
321,Carnarvon,-24.87,113.63,16.0,82,0,6.2,AU,1596229906
322,Bumba,2.18,22.47,24.7,72,74,0.39,CD,1596229907
323,Eureka,40.8,-124.16,20.0,44,27,1.34,US,1596229875
324,Red Bank,40.35,-74.06,27.22,94,90,3.22,US,1596229907
325,Mucurapo,10.67,-61.53,32.78,62,13,4.53,TT,1596229907
326,Richards Bay,-28.78,32.04,16.5,86,0,3.01,ZA,1596229612
327,Jaciara,-15.97,-54.97,30.81,23,0,2.22,BR,1596229907
328,Mount Gambier,-37.83,140.77,9.0,76,3,6.7,AU,1596229908
329,Tommot,58.96,126.29,13.86,83,94,1.72,RU,1596229908
330,Torbay,47.67,-52.73,17.78,93,90,1.5,CA,1596229908
331,Kyra,49.58,111.98,13.75,85,53,0.82,RU,1596229908
332,Noumea,-22.28,166.46,22.22,93,75,1.5,NC,1596229247
333,Deoli,25.75,75.38,29.6,70,70,2.33,IN,1596229908
334,São Filipe,14.9,-24.5,24.21,77,39,4.24,CV,1596229909
335,Nikitinskiy,54.58,86.01,14.16,80,100,1.02,RU,1596229909
336,East London,-33.02,27.91,16.09,64,0,1.61,ZA,1596229909
337,Buala,-8.14,159.59,27.72,77,75,3.18,SB,1596229909
338,Burnie,-41.07,145.92,10.0,92,100,0.89,AU,1596229909
339,Marabu,4.41,114.01,24.0,94,20,1.95,MY,1596229910
340,Sainte-Suzanne,-20.91,55.61,20.0,77,3,4.6,RE,1596229910
341,Kotovo,50.32,44.8,18.21,83,100,3.25,RU,1596229910
342,Acaraú,-2.89,-40.12,26.42,68,73,7.55,BR,1596229873
343,Khandyga,62.67,135.6,16.38,51,14,0.77,RU,1596229910
344,Banda Aceh,5.56,95.32,26.78,72,99,4.75,ID,1596229910
345,Ode,7.79,5.71,20.2,98,99,2.82,NG,1596229911
346,Batagay,67.63,134.63,13.33,62,0,1.29,RU,1596229911
347,Gizo Government Station,-8.1,156.84,26.5,87,100,6.36,SB,1596229911
348,Kahramanmaraş Province,38.0,37.0,28.0,61,0,10.3,TR,1596229911
349,Bingöl,38.88,40.49,23.68,38,1,1.98,TR,1596229911
350,Mato Verde,-15.4,-42.87,22.22,41,0,3.75,BR,1596229911
351,Dumas,35.87,-101.97,30.0,39,1,4.61,US,1596229912
352,Venado Tuerto,-33.75,-61.97,15.0,35,0,1.34,AR,1596229912
353,Camaná,-16.62,-72.71,17.79,67,5,1.85,PE,1596229762
354,Swift Current,50.28,-107.8,25.0,44,40,3.6,CA,1596229912
355,Kaka,37.35,59.61,24.08,30,0,3.61,TM,1596229912
356,Leku,6.87,38.45,14.9,89,100,1.24,ET,1596229912
357,Necochea,-38.55,-58.74,8.89,83,0,1.34,AR,1596229614
358,Arrondissement de Verdun,49.25,5.33,26.11,53,58,2.56,FR,1596229913
359,Sisimiut,66.94,-53.67,7.91,87,100,6.09,GL,1596229765
360,Nouadhibou,20.93,-17.03,27.0,78,24,5.7,MR,1596229913
361,Kaitangata,-46.28,169.85,11.67,81,100,2.24,NZ,1596229686
362,Sarāhan,31.52,77.8,16.19,74,10,0.36,IN,1596229913
363,Barcelona,41.39,2.16,28.33,88,0,1.0,ES,1596229665
364,Gushikawa,26.35,127.87,28.0,88,20,2.6,JP,1596229914
365,Bobo-Dioulasso,11.18,-4.3,20.81,91,100,10.29,BF,1596229914
366,Vao,-22.67,167.48,20.66,79,40,10.93,NC,1596229914
367,Cordele,31.96,-83.78,25.0,88,40,2.6,US,1596229644
368,Nelson Bay,-32.72,152.15,7.78,100,16,1.0,AU,1596229914
369,Grøa,62.65,8.72,15.0,87,100,2.1,NO,1596229914
370,Puerto Suárez,-18.95,-57.8,30.0,42,17,1.5,BO,1596229915
371,Alappuzha,9.49,76.33,25.99,87,100,4.19,IN,1596229915
372,Prince Rupert,54.32,-130.32,24.0,53,1,2.1,CA,1596229915
373,Kabalo,-6.05,26.92,26.85,35,11,2.74,CD,1596229915
374,Alcúdia,39.85,3.12,28.33,83,0,0.5,ES,1596229915
375,Nokaneng,-19.67,22.27,15.03,33,0,4.28,BW,1596229916
376,Pahrump,36.21,-115.98,43.89,11,0,4.47,US,1596229916
377,Honningsvåg,70.98,25.97,9.0,93,75,3.6,NO,1596229916
378,Okhotsk,59.38,143.3,16.99,58,0,2.88,RU,1596229916
379,Araouane,18.9,-3.53,39.27,14,0,4.53,ML,1596229917
380,Ikom,5.97,8.71,21.49,94,49,0.89,NG,1596229917
381,Calabozo,8.92,-67.43,27.96,86,91,2.14,VE,1596229917
382,Severo-Yeniseyskiy,60.37,93.04,9.21,94,98,1.04,RU,1596229917
383,Kiryat Gat,31.61,34.76,26.11,57,0,0.26,IL,1596229917
384,Vieux Fort,13.72,-60.95,31.0,66,20,6.2,LC,1596229918
385,Seminole,28.71,-81.21,36.67,47,1,2.83,US,1596229918
386,Lagoa,39.05,-27.98,21.0,73,89,5.28,PT,1596229724
387,Henties Bay,-22.12,14.28,23.89,22,0,5.72,NA,1596229918
388,Isangel,-19.55,169.27,24.53,82,20,5.47,VU,1596229918
389,Warrnambool,-38.38,142.48,8.89,80,68,2.68,AU,1596229919
390,Yumen,40.28,97.2,17.58,27,0,4.35,CN,1596229750
391,Salinas,36.68,-121.66,23.33,60,1,5.1,US,1596229807
392,Hvide Sande,56.0,8.13,15.56,80,56,2.91,DK,1596229919
393,Osmeña,10.52,119.93,27.88,80,100,8.07,PH,1596229919
394,Tay Ninh,11.3,106.1,25.74,88,100,3.44,VN,1596229919
395,Arrondissement de Bastia,42.67,9.33,27.22,69,0,3.1,FR,1596229920
396,Moose Factory,51.26,-80.61,24.0,57,1,5.1,CA,1596229920
397,Touho,-20.78,165.23,21.19,80,26,4.53,NC,1596229920
398,Nuevitas,21.55,-77.26,28.0,100,66,3.1,CU,1596229920
399,San,13.3,-4.9,30.71,55,73,3.58,ML,1596229921
400,Mattru,7.62,-11.83,23.35,97,100,1.5,SL,1596229921
401,Neiafu,-18.65,-173.98,24.0,69,40,4.6,TO,1596229921
402,Vila Franca do Campo,37.72,-25.43,22.0,68,40,3.6,PT,1596229921
403,Port Maria,18.37,-76.89,28.89,86,59,1.34,JM,1596229921
404,Sotouboua,8.57,0.98,21.65,95,100,0.73,TG,1596229922
405,Ixtapa,20.7,-105.2,31.67,66,75,4.6,MX,1596229922
406,Ancud,-41.87,-73.82,10.0,87,90,6.2,CL,1596229922
407,Marzuq,14.4,46.47,26.58,61,95,2.32,YE,1596229728
408,Lamlash,55.53,-5.13,17.0,93,40,2.1,GB,1596229923
409,Havøysund,71.0,24.66,10.0,87,45,2.1,NO,1596229923
410,Geraldton,-28.77,114.6,9.0,87,1,2.1,AU,1596229923
411,Chapais,49.78,-74.85,26.0,47,1,3.1,CA,1596229924
412,Beringovskiy,63.05,179.32,11.0,68,76,2.41,RU,1596229924
413,Norman Wells,65.28,-126.83,26.0,47,20,3.1,CA,1596229924
414,Santa Cruz,30.42,-9.6,23.0,78,34,3.1,MA,1596229925
415,Nicoya,10.15,-85.45,33.0,75,100,4.1,CR,1596229926
416,Hamilton,39.18,-84.53,28.0,65,90,2.1,US,1596229926
417,Acapulco de Juárez,16.86,-99.89,31.0,66,75,3.1,MX,1596229926
418,Berdigestyakh,62.1,126.7,13.15,60,0,2.6,RU,1596229926
419,Kaseda-shirakame,31.42,130.32,22.0,100,75,1.5,JP,1596229927
420,Mana,5.66,-53.78,27.52,80,97,1.49,GF,1596229927
421,Parfino,57.97,31.65,12.54,95,100,4.85,RU,1596229927
422,Bull Savanna,17.89,-77.59,28.45,73,93,1.7,JM,1596229927
423,Omboué,-1.57,9.26,22.83,80,24,3.83,GA,1596229927
424,Luwuk,-0.95,122.79,24.66,80,100,2.62,ID,1596229927
425,Hong Kong,22.29,114.16,27.78,83,100,8.94,HK,1596229809
426,Port Lincoln,-34.73,135.87,13.18,47,41,7.46,AU,1596229928
427,Kapit,2.02,112.93,23.29,89,100,0.44,MY,1596229928
428,Sumbuya,7.65,-11.96,23.55,96,100,1.53,SL,1596229928
429,Novy Urengoy,66.08,76.63,11.18,81,90,3.11,RU,1596229901
430,Flinders,-34.58,150.86,6.67,88,48,0.45,AU,1596229929
431,Christchurch,-43.53,172.63,11.67,93,100,4.6,NZ,1596229857
432,Maharagama,6.85,79.93,28.0,78,40,4.1,LK,1596229929
433,Phalaborwa,-23.94,31.14,16.0,63,0,1.0,ZA,1596229929
434,Algiers,36.75,3.04,27.0,83,0,1.0,DZ,1596229929
435,Great Bend,38.36,-98.76,27.78,57,40,4.6,US,1596229929
436,Bariloche,-41.15,-71.31,8.0,42,75,1.96,AR,1596229903
437,Jianning,27.83,113.15,28.0,94,0,2.11,CN,1596229930
438,Irbeyskoye,55.64,95.45,13.98,79,90,2.41,RU,1596229930
439,Doha,25.29,51.53,35.56,71,5,1.5,QA,1596229918
440,Río Gallegos,-51.62,-69.22,3.0,86,75,4.1,AR,1596229930
441,Straumen,63.87,11.3,16.0,87,90,2.6,NO,1596229931
442,Lumphat,13.49,106.98,23.18,98,100,3.04,KH,1596229931
443,Halden,59.12,11.39,18.89,77,40,2.6,NO,1596229931
444,Bukama,-9.2,25.85,23.2,39,68,1.5,CD,1596229931
445,La Palma,33.85,-118.05,37.22,31,1,3.1,US,1596229931
446,Ţaga,46.95,24.05,21.11,68,13,2.1,RO,1596229932
447,Gijón,43.54,-5.66,21.11,88,40,2.1,ES,1596229932
448,San Rafael,-34.62,-68.33,15.58,31,89,5.59,AR,1596229733
449,Selma,36.57,-119.61,36.0,34,1,3.25,US,1596229932
450,Teahupoo,-17.83,-149.27,28.0,69,75,4.6,PF,1596229933
451,Los Llanos de Aridane,28.66,-17.92,23.0,73,90,5.7,ES,1596229769
452,Inongo,-1.95,18.27,23.9,63,1,2.83,CD,1596229933
453,Samarai,-10.62,150.67,24.0,72,88,7.25,PG,1596229933
454,Jaumave,23.42,-99.38,34.0,38,5,9.3,MX,1596229933
455,Quatre Cocos,-20.21,57.76,22.0,83,40,3.6,MU,1596229934
456,Måløy,61.94,5.11,18.0,87,72,2.1,NO,1596229934
457,Pochutla,15.74,-96.47,34.44,49,20,4.1,MX,1596229934
458,Karasjok,69.47,25.51,10.0,93,90,2.1,NO,1596229934
459,La Tuque,47.43,-72.78,21.38,83,72,3.03,CA,1596229934
460,Basoko,1.24,23.62,25.02,70,33,0.25,CD,1596229935
461,Omsukchan,62.53,155.8,10.82,66,9,4.69,RU,1596229935
462,Kimberley,-28.73,24.76,5.0,32,0,0.5,ZA,1596229935
463,San Remigio,11.08,123.94,25.8,86,100,1.89,PH,1596229935
464,Kroya,-7.63,109.25,22.53,89,100,1.77,ID,1596229935
465,Cherskiy,68.75,161.3,6.33,80,100,3.46,RU,1596229935
466,Peleduy,59.63,112.74,16.11,77,100,5.13,RU,1596229935
467,Olkhovka,53.21,60.61,17.55,80,83,4.07,RU,1596229936
468,Tura,25.52,90.22,23.84,91,73,1.1,IN,1596229936
469,Emmen,52.78,6.91,22.22,64,0,1.5,NL,1596229936
470,Porto-Novo,6.5,2.6,24.14,84,97,4.11,BJ,1596229772
471,Katangli,51.71,143.23,12.45,85,81,6.13,RU,1596229936
472,Manacapuru,-3.3,-60.62,34.0,38,34,3.1,BR,1596229936
473,Kaeo,-35.1,173.78,13.33,3,100,3.13,NZ,1596229937
474,Luwingu,-10.26,29.93,16.56,47,36,2.86,ZM,1596229937
475,Pouébo,-20.4,164.57,20.49,80,32,4.19,NC,1596229937
476,Karpathos,35.51,27.21,25.0,78,0,9.3,GR,1596229812
477,Eidsvåg,62.78,8.07,16.0,87,100,2.1,NO,1596229937
478,San Cristobal,7.77,-72.22,34.0,41,40,10.3,VE,1596229938
479,Launceston,-41.45,147.17,8.89,100,75,3.6,AU,1596229704
480,College,64.86,-147.8,22.22,60,75,0.94,US,1596229703
481,Ribeira Brava,32.65,-17.07,22.0,73,20,4.6,PT,1596229938
482,Half Moon Bay,37.46,-122.43,25.56,87,90,6.2,US,1596229649
483,Santa Cruz de Barahona,18.21,-71.1,28.0,94,75,4.1,DO,1596229939
484,Umluj,25.02,37.27,30.0,75,32,0.81,SA,1596229939
485,Lorengau,-2.02,147.27,28.2,78,30,3.5,PG,1596229771
486,Yangi Marg`ilon,40.43,71.72,25.0,44,15,3.1,UZ,1596229940
487,São João da Barra,-21.64,-41.05,22.0,77,80,5.48,BR,1596229940
488,Chumikan,54.72,135.31,11.37,95,100,9.42,RU,1596229940
489,Zhangjiakou,40.81,114.88,20.38,79,0,1.3,CN,1596229940
490,Kushālnagar,12.46,75.96,20.75,94,100,2.01,IN,1596229941
491,Bereda,43.27,-7.54,20.56,85,100,1.34,ES,1596229699
492,Grasse,43.67,6.92,25.0,83,0,1.0,FR,1596229941
493,Eichenzell,50.49,9.7,21.67,61,0,0.89,DE,1596229941
494,Progreso,21.28,-89.67,32.78,59,75,4.6,MX,1596229941
495,Nome,64.5,-165.41,15.0,87,90,3.6,US,1596229697
496,Kendari,-3.94,122.5,21.95,92,97,1.85,ID,1596229942
497,Madang,-5.22,145.8,25.62,90,98,1.6,PG,1596229942
498,Tabuk,17.42,121.44,23.26,88,100,0.52,PH,1596229942
499,San Patricio,19.22,-104.7,31.0,74,40,5.1,MX,1596229942
500,Guerrero Negro,27.98,-114.06,31.24,42,0,6.49,MX,1596229942
501,Ankazoabo,-22.28,44.52,16.9,61,0,5.24,MG,1596229943
502,Port Pirie,-33.18,138.02,5.0,75,0,3.6,AU,1596229943
503,Almaznyy,48.04,40.05,20.0,94,40,2.0,RU,1596229748
504,La Ronge,55.1,-105.28,25.0,44,40,6.2,CA,1596229923
505,Volgodonsk,47.51,42.15,21.76,77,90,2.03,RU,1596229943
506,Gimli,50.63,-96.99,25.56,99,77,3.13,CA,1596229944
507,Rafaela,-31.25,-61.49,19.44,24,0,0.89,AR,1596229944
508,Avera,33.19,-82.53,36.0,44,40,5.1,US,1596229944
509,Atlantic City,39.36,-74.42,26.0,78,90,4.31,US,1596229823
510,Sozopol,42.42,27.7,25.0,83,20,3.6,BG,1596229944
511,Cape Coast,5.11,-1.25,23.56,87,89,4.78,GH,1596229945
512,Asău,46.43,26.4,17.78,88,64,0.65,RO,1596229945
513,La Maddalena,41.21,9.41,29.0,54,0,1.5,IT,1596229945
514,Kahului,20.89,-156.47,31.0,40,20,9.3,US,1596229730
515,Borzna,51.25,32.43,13.15,85,19,1.91,UA,1596229946
516,Zeya,53.75,127.27,18.15,92,98,1.75,RU,1596229771
517,Vila Velha,-20.33,-40.29,23.89,73,75,6.2,BR,1596229778
518,Maribo,54.78,11.5,16.11,84,0,0.83,DK,1596229946
519,Destin,30.39,-86.5,32.78,62,1,2.6,US,1596229675
520,Kedrovyy,56.17,91.82,13.0,93,90,0.94,RU,1596229947
521,Gīdolē,5.65,37.37,14.84,90,100,1.33,ET,1596229947
522,Saint-François,46.42,3.91,23.0,73,97,3.1,FR,1596229947
523,Ampanihy,-24.7,44.75,17.14,82,85,4.22,MG,1596229947
524,Udachny,66.42,112.4,12.0,66,0,2.0,RU,1596229947
525,Nishihara,26.18,127.76,28.0,83,40,3.1,JP,1596229947
526,Bonthe,7.53,-12.51,24.88,89,100,3.06,SL,1596229948
527,Sholokhove,47.69,34.03,18.09,84,100,3.66,UA,1596229948
528,Zalegoshch',52.9,36.89,12.5,89,63,3.35,RU,1596229948
529,Iwaki,37.05,140.88,23.33,96,3,1.64,JP,1596229948
530,Kyzyl-Suu,42.34,78.0,14.3,82,100,0.96,KG,1596229948
531,Thomaston,32.89,-84.33,31.67,70,1,5.1,US,1596229949
532,Ereymentau,51.62,73.1,18.11,75,30,0.9,KZ,1596229949
533,Verkhoyansk,67.54,133.38,14.37,55,0,1.26,RU,1596229949
534,Abu Dhabi,24.47,54.37,35.0,71,40,2.6,AE,1596229949
535,Kloulklubed,7.04,134.26,26.0,88,75,5.2,PW,1596229949
536,Mahajanga,-15.72,46.32,23.67,65,22,5.78,MG,1596229949
537,Mardin,37.31,40.74,28.0,34,0,2.1,TR,1596229950
538,Bubaque,11.28,-15.83,27.0,81,96,6.41,GW,1596229950
539,Djambala,-2.54,14.75,25.41,50,83,1.56,CG,1596229950
540,Bandar-e Lengeh,26.56,54.88,34.0,71,67,4.1,IR,1596229950
541,Broome,42.25,-75.83,28.33,44,20,4.1,US,1596229951
542,Lüderitz,-26.65,15.16,24.0,19,0,3.6,NA,1596229951
543,Kholodnyy,62.72,147.95,9.79,60,79,1.42,RU,1596229951
544,Bolivar,37.61,-93.41,21.11,94,100,7.84,US,1596229785
545,Zuwārah,32.93,12.08,26.57,72,0,5.17,LY,1596229951
546,Oyón,-10.67,-76.77,15.87,31,10,2.35,PE,1596229951
547,Emirdağ,39.02,31.15,21.18,48,0,1.56,TR,1596229952
548,Sibu,2.3,111.82,24.0,88,20,1.5,MY,1596229952
549,Sakakah,29.97,40.21,36.0,8,0,6.2,SA,1596229952
550,Ottawa,45.41,-75.7,29.0,39,40,3.1,CA,1596229530
551,Nago,26.59,127.98,28.0,88,20,2.6,JP,1596229952
552,Eyemouth,55.87,-2.09,18.89,70,100,2.24,GB,1596229952
553,Port Hardy,50.7,-127.42,18.0,77,40,3.1,CA,1596229870
554,Coahuayana Viejo,18.73,-103.68,27.0,78,75,5.1,MX,1596229953
555,Esmeraldas,-19.76,-44.31,23.0,64,40,6.2,BR,1596229953
556,Huilong,31.81,121.66,28.89,88,99,0.45,CN,1596229953
557,Constitución,-35.33,-72.42,13.26,70,100,1.21,CL,1596229953
558,Volosovo,59.43,29.48,15.0,67,10,5.0,RU,1596229954
559,Labuhan,-6.88,112.21,23.68,80,62,4.29,ID,1596229954
560,Yanam,16.73,82.22,27.46,86,91,1.16,IN,1596229954
561,Hammerfest,70.66,23.68,10.0,87,0,2.1,NO,1596229781
562,Spring Valley,36.11,-115.25,44.44,11,20,4.1,US,1596229954
563,Goderich,43.75,-81.72,26.11,72,2,6.66,CA,1596229954
564,Caxito,-8.58,13.66,21.0,88,20,2.6,AO,1596229955
565,Aklavik,68.22,-135.01,20.0,64,5,5.1,CA,1596229756
566,Tiznit Province,29.58,-9.5,26.44,53,63,0.87,MA,1596229955
567,Oytal,42.91,73.27,21.61,49,100,1.31,KZ,1596229955
568,Preston,53.77,-2.72,20.0,93,20,4.6,GB,1596229955
569,Ilulissat,69.22,-51.1,10.0,61,100,7.7,GL,1596229730
